Назва методу моделювання,Точність,Точність KFold,Середнє квадратичне відхилення
LR,0.8048780487804879,0.7270927601809954,0.0899178469521614
KNN,0.8048780487804879,0.7026772247360483,0.08599331442570868
CART,0.5853658536585366,0.6880656108597285,0.07063439513714305
NBC,0.7073170731707317,0.5611802413273002,0.06985561270164488
SVC,0.8292682926829268,0.7172888386123679,0.10349781512377619
RF,0.7804878048780488,0.702394419306184,0.09246747732631198
