Назва методу моделювання,Точність,Точність KFold,Середнє квадратичне відхилення
LR,0.9444115907746895,0.9415522953147184,0.03756614469817647
KNN,0.9450029568302779,0.9284193090392806,0.032889708054703336
CART,0.9331756357185098,0.9175343114055845,0.027915114922167663
NBC,0.9444115907746895,0.8760056791292001,0.0997811714338788
SVC,0.9444115907746895,0.9415522953147184,0.03756614469817647
RF,0.9373151981076286,0.9408424041646948,0.03696739182905824
